x,y,z
2.0306786221825974,30.992447229825874,-2.985428016931413e-06
2.0309157492204872,30.992399506762617,-3.4074002072323473e-06
2.03115346974538,30.99235158218876,-3.0259236210687657e-06
2.031391147536632,30.992303690496303,-3.4005971329131857e-06
2.031629013772068,30.992256126911226,-2.996912135747043e-06
2.0318668128796666,30.992208594093267,-3.378339759423782e-06
2.0321045756217098,30.99216158901297,-2.9836364764529444e-06
2.0323421412103224,30.992114558539797,-3.4061513963339063e-06
2.0325800993673204,30.992067563212686,-3.0261933609936065e-06
2.032818035074429,30.992020618316733,-3.4161831249969465e-06
2.0330561298041308,30.991973974275385,-2.999362570282882e-06
2.0332941643094684,30.99192736790386,-3.387087671440081e-06
2.0335323517193244,30.991881049601616,-2.9894721475728914e-06
2.033770352739489,30.9918349979011,-3.3072313517096275e-06
2.034008286150145,30.99178919225095,-2.961480806740885e-06
2.03424634232671,30.991743137523876,-3.4408770676688794e-06
2.034484652108945,30.99169739469148,-3.0110733924733346e-06
2.034722897915022,30.99165169311096,-3.4008037417404546e-06
2.0349612981385548,30.991606286744066,-2.9977898629469923e-06
2.0351996416780938,30.991560917051615,-3.384494158972795e-06
2.035438135783581,30.991515835427602,-2.986511128590802e-06
2.0356762077879886,30.99147123333097,-3.275532461169406e-06
2.0359145593172783,30.99142638968812,-3.0087769824910238e-06
2.03615300090712,30.991381582973272,-3.419254416089923e-06
2.0363916126485684,30.991337080982728,-3.0108793135780187e-06
2.036630164953294,30.991292621000827,-3.3975519357840045e-06
2.036868872284564,30.99124845546084,-2.9922777864330175e-06
2.037107520170252,30.9912043225455,-3.379691607720281e-06
2.03734610886752,30.99116070362354,-2.985248955929276e-06
2.0375844994083643,30.991117054358522,-3.4078119280633867e-06
2.03782328249281,30.991073447837014,-3.0276841730368653e-06
2.038062042428643,30.991029888967624,-3.417916073195082e-06
2.038300959388992,30.990986634816025,-3.000889999989903e-06
2.0385398152479945,30.99094341557836,-3.388856825940062e-06
2.0387788220528775,30.990900488219182,-2.991016469344049e-06
2.0390176396391593,30.990857822178356,-3.309169260844874e-06
2.039256388762327,30.990815403949032,-2.9630438285986604e-06
2.039495262316602,30.99077273719686,-3.442650674551767e-06
2.0397343873942293,30.990730386903227,-3.012628293226627e-06
2.039973447832913,30.990688074933757,-3.4026107593350396e-06
2.042624975712932,30.97066126170934,1.7995775336496211e-06
2.0480252348425734,30.927503360567847,-1.0712471243713717e-06
2.054204812021344,30.879064021042126,2.0270251785831084e-06
2.06132882025161,30.830741835779925,2.235623604282533e-06
2.069397229835707,30.78248882533824,1.8961707907612368e-06
2.078183039498231,30.73339373435679,1.7582754690895208e-06
2.087050338343235,30.6843568163334,1.9164893335470168e-06
2.0961351739813154,30.635395594837753,1.7592966202600868e-06
2.105671873601963,30.58676943100861,1.7685857440392916e-06
2.1157040576252353,30.538246634238362,1.8221911998982099e-06
2.121672667143499,30.51020738015519,4.0604545625301525e-06
2.1229976215599993,30.503313628812023,7.062132566629936e-06
2.123257853773431,30.503363022751977,-2.455874140692288e-06
2.123572308949059,30.503997059630326,-3.462436475556302e-06
2.123844137480556,30.50472038182771,-1.5080570821557338e-06
2.1334245905732017,30.486576810365637,3.96039393376485e-06
2.1539875832357245,30.449620435308933,-3.110929895168424e-06
2.177844881026223,30.409112069755235,-1.112118329624906e-06
2.2032823767569023,30.368771309403986,-1.3343578603997042e-06
2.2299111783979138,30.329010295465583,-5.44351773445334e-07
2.2576715012700177,30.289837706060638,-1.314353097851828e-06
2.286525421691833,30.25119733461679,-1.5131719092974227e-06
2.3163684433939737,30.21311551822927,-7.116395930768793e-07
2.347121821122711,30.175611945921787,-1.4441494503164565e-06
2.3787479144116013,30.13849821049642,-1.7320737695086796e-06
2.4113401047068574,30.101155929486033,-9.488177317162894e-07
2.4442073078519697,30.064054555009307,-1.648512480342812e-06
2.477341648800191,30.027188505146537,-1.896681185598742e-06
2.5107362076768722,29.990537710736696,-9.769017390859336e-07
2.529921148485574,29.969774910796193,1.6226201956341668e-06
2.5348196140873482,29.964863021952045,1.877797092018213e-06
2.535113682075505,29.965248749895764,-3.6287337401054442e-06
2.5350294951442303,29.96602901372623,-3.0610582689750976e-06
2.534942775116263,29.966758405495547,-1.7248775074744926e-06
2.5348596151092733,29.9674423622384,-3.578317907225459e-06
2.5348046592400273,29.968082995227572,-3.4656677204980557e-06
2.5523931427176896,29.958676186749013,-8.887848950110688e-07
2.589953985512623,29.940951943203927,-1.822241780923689e-06
2.634127588494382,29.921092848327003,-4.337137185016909e-06
2.6774727003799197,29.90068080314343,-4.546998073270969e-06
2.7199939308551384,29.879078076403815,-4.56281791870114e-06
2.7619416467513136,29.85613826144177,-4.557086905745272e-06
2.8032963316327577,29.83192795132392,-4.549693484290351e-06
2.844917775941541,29.80617360018964,-4.881700715338166e-06
2.8863233377805266,29.779536123903377,-4.8690471489212794e-06
2.9272846894714966,29.752239169973905,-4.583278083090253e-06
2.967816967070927,29.724275016723055,-4.740045191489045e-06
3.007932639303829,29.69565789787022,-4.516686510191992e-06
3.0476067597824015,29.666425867508796,-4.713668257459724e-06
3.086858319211269,29.63658026152819,-4.9388644647908875e-06
3.1256838791787724,29.606150179149648,-4.621360674739866e-06
3.1641147082070447,29.575143883133702,-4.870026611144412e-06
3.202143119628797,29.54360909988371,-4.551685413894252e-06
3.239773935001617,29.511565905111677,-4.959776075397215e-06
3.277051905400224,29.47902266719239,-4.508676184847987e-06
3.313974279517472,29.44603800362878,-4.742397205517029e-06
3.350414810142622,29.41286136235473,-3.796130211012466e-06
3.3870352049024524,29.379264264415003,-4.224967917330208e-06
3.423721041421878,29.345643419628583,-4.09053755176178e-06
3.4604206478023936,29.312048541565694,-4.479945890947107e-06
3.4971400506041603,29.278465658541638,-4.534929154833417e-06
3.533860250065412,29.244885977394063,-4.241883610263397e-06
3.5705718523368564,29.21128365894223,-4.0978198232975716e-06
3.607257957206648,29.177664364052006,-4.311368101743429e-06
3.6439178457912225,29.144008506182374,-4.711228352952124e-06
3.680530070507786,29.110312004735686,-4.240425938491915e-06
3.716796579464519,29.076614641750588,-4.233731550850467e-06
3.752656722653796,29.042580471657512,-4.4072259056116e-06
3.7881891783866304,29.008068366707448,-4.1886514000957775e-06
3.823377656212425,28.97317776465197,-4.366999674116495e-06
3.8582290979920346,28.937927066910255,-4.281595584691017e-06
3.892968427931815,28.902458907364938,-4.105028281450873e-06
3.9278490805784725,28.867026255825447,-4.40483342802403e-06
3.962834771494031,28.831695466512333,-4.1041959097168346e-06
3.9979272607158607,28.7964543866281,-3.962872724985744e-06
4.033108049182578,28.761304251887864,-4.187026552360251e-06
4.068374585390406,28.726227178981496,-4.587689780923693e-06
4.103709799838498,28.691225816878813,-4.122608390246668e-06
4.139117832399237,28.656278611833887,-3.9733105699560345e-06
4.1745769101499555,28.62138937042588,-4.1864738413409375e-06
4.21008921726159,28.5865424069416,-4.119499222219464e-06
4.2456367461510585,28.551740799337544,-4.359206490150286e-06
4.2812236458542765,28.516964591158484,-3.989570532627468e-06
4.316834049504067,28.482218422950442,-4.1780987667001945e-06
4.352470597726238,28.447487248113713,-4.036507250976262e-06
4.388116225315412,28.412775836760574,-4.432688323310202e-06
4.423775441827535,28.378069086019817,-4.478582850100249e-06
4.459436459911284,28.343369628939385,-4.18373457107199e-06
4.4951034808893375,28.308664714180967,-4.032923087753104e-06
4.530761914302083,28.273961392401993,-4.254830996076181e-06
4.566418002161633,28.2392475816779,-4.6397878938134185e-06
4.602058907362616,28.20452761629748,-4.1773249197865625e-06
4.637694208019628,28.169788379338183,-4.016425920353589e-06
4.673310348049096,28.13503952630032,-4.226624664906142e-06
4.70891376941367,28.100268682745245,-4.154201906102217e-06
4.7444918716958755,28.065484367547153,-4.383917315772118e-06
4.780057610613962,28.030675040496337,-4.013222037742986e-06
4.815597163734852,27.995847165148295,-4.195729814238797e-06
4.851119301292276,27.96099236541422,-4.0507216641297306e-06
4.886614504962971,27.926121325241684,-4.4371483709781945e-06
4.922089880794329,27.89122180103037,-4.4880417379225546e-06
4.957537767667946,27.856301523140072,-4.180122319105695e-06
4.992969751084121,27.8213547799227,-4.0355695831856275e-06
5.0283095483588856,27.786834720807494,-3.4086501783589518e-06
5.064073268003914,27.752680761709676,-3.7177975139510155e-06
5.100215257109146,27.718785691105232,-4.079258802056757e-06
5.136646974322721,27.685119430396476,-3.948479681162992e-06
5.173314263538691,27.651696778481043,-4.145744848759597e-06
5.2080794564063915,27.621381383561026,-2.99354604235344e-06
5.244777503131728,27.59176391590073,-8.788751874704015e-07
5.2826276566037755,27.563021137526484,-1.6475719527217492e-06
5.321368585821737,27.535297391401468,-1.8954724020879554e-06
5.361716774025809,27.507228106841087,-2.487171748239564e-06
5.4021076871254445,27.478586128117723,-2.199546610182068e-06
5.44202636095065,27.4495062387738,-2.559059471038405e-06
5.481567099882137,27.419916380849045,-1.4106568029699507e-06
5.520210592111127,27.389949216046396,-3.0639390247062803e-06
5.557897828131466,27.359302082575194,-2.980452125152938e-06
5.595081053173556,27.327683229902387,-2.2517092025907404e-06
5.631699306652305,27.295270198356103,-2.406843414078097e-06
5.667738881915503,27.26212988245574,-1.2604159609803933e-06
5.7037369430976055,27.227952683344338,-1.978846645434018e-06
5.739522531894942,27.193369218276807,-2.2510326308754214e-06
5.77511725042205,27.158672729921438,-1.2511045439124457e-06
5.8105920419372765,27.123858260727694,-1.8525821727025105e-06
5.845965475370553,27.088935336697975,-2.2009355267922637e-06
5.881249558238458,27.053920260203732,-1.2262983854691156e-06
5.916445494075086,27.018814505014994,-1.8369206018081785e-06
5.951561970705982,26.983627034418983,-2.174688477973169e-06
5.986612778740095,26.948372429708062,-1.2132420423166534e-06
6.021697461088184,26.913135419948183,-1.7508445506152215e-06
6.056844523887416,26.878270155789814,-1.953356646756249e-06
6.092300796823213,26.843681076234464,-1.0205494047413333e-06
6.128034073559502,26.80934038538614,-1.7490916805924794e-06
6.164061351190815,26.774806244569955,-2.2920381091834363e-06
6.199742298677394,26.740193520560037,-1.8793969562627688e-06
6.235249498836967,26.70544160714374,-2.1658671704449795e-06
6.2706309137946485,26.670539712599965,-1.1534947400512752e-06
6.305897119368592,26.63551731849025,-1.8474921729162708e-06
6.341062696988155,26.600386599248566,-2.1264434588788572e-06
6.376141738794006,26.565167647960997,-1.1300091062038664e-06
6.411135063350462,26.529860995195754,-1.8310802087570521e-06
6.4460536756831015,26.494477238692724,-2.100681189012854e-06
6.480912110327881,26.459032936766825,-1.1163127230408298e-06
6.515710720709565,26.423528247443997,-1.814319880822507e-06
6.550457512590595,26.38797274613018,-2.08385518744858e-06
6.585168155753802,26.35238093447411,-1.1029727387049104e-06
6.619841672584337,26.31675071947744,-1.8032265758360921e-06
6.654589237166503,26.281093644893307,-2.0153336194352056e-06
6.689339144131237,26.245818201407626,-1.6932887252144035e-06
6.724373428590186,26.21088652374905,-1.944851641524914e-06
6.7597310783134565,26.176260174854107,-1.0064928216910185e-06
6.795417574726308,26.141871491828095,-1.7487101211279e-06
6.831354473800486,26.107710623933574,-2.018444063278668e-06
6.8675183021670785,26.07376647653865,-1.0634429687995939e-06
6.903899335033731,26.03998677083835,-1.797807245487032e-06
6.940434045739548,26.00635527076225,-2.0848312031959693e-06
6.977105686240124,25.972859968488137,-1.102248885612861e-06
6.998223098447524,25.953857688009773,1.487334436715837e-06
7.029797775895467,25.926188144621502,-2.0749132753454524e-06
7.04767036743557,25.911936314976323,1.6322114994408998e-06
7.049100493714643,25.91137999202948,4.233945549336066e-06
7.065366510145034,25.900477230879876,-1.808842379255604e-06
7.101657718927553,25.877390877141387,-1.814731826497995e-06
7.141703902108459,25.85434084571928,-8.326712831879801e-07
7.184011429623161,25.831658812685802,-1.931177290775965e-06
7.227420508445455,25.809516324551026,-2.3901712425215826e-06
7.271771677136905,25.7872884876038,-2.478260523103293e-06
7.315855332961316,25.76466611155091,-1.858520510496231e-06
7.359663358137245,25.74157041962499,-1.7888708557373123e-06
7.40294697302824,25.718013343430982,-1.8647483941806875e-06
7.44515547471909,25.69403038269804,-1.6388969103255102e-06
7.48630054966942,25.66925376428406,-2.0257474470548875e-06
7.52661489985012,25.643353651391816,-2.4723250564295807e-06
7.5663722364309836,25.616215272423045,-1.4982624370815656e-06
7.605517560840772,25.58795535140294,-3.1299310330364094e-06
7.644019090346258,25.558653892532188,-2.4290523929944297e-06
7.682029026330641,25.528291420097435,-1.6070424205018308e-06
7.7194629706235345,25.49704188152349,-2.22493654162062e-06
7.756385682544767,25.465576330381673,-1.1219902215468813e-06
7.793998663546341,25.43412439565102,-1.7044869624026349e-06
7.831985639449612,25.40340943877445,-9.877653070200498e-07
7.870082794796188,25.373860427111772,-9.307469394231882e-07
7.89172033503268,25.35816752089332,-3.957484733460581e-07
7.895113620377369,25.35638285252326,3.919182323279535e-06
7.895128817964002,25.356900280583282,-2.5426098953194864e-06
7.895051851765837,25.357563725089108,-3.6023631715571824e-06
7.894978323046303,25.358185764875568,-3.584797890476832e-06
7.913717899072431,25.34892952728953,8.23701247811004e-06
7.953246608515995,25.332009630738693,-3.3937823011240265e-06
7.997211498935544,25.315629265828964,-4.351221075241107e-06
8.041720694900505,25.300628039555523,-4.167503599043776e-06
8.086746230371773,25.28703921587847,-4.455337866263176e-06
8.111768646026976,25.280857400963246,-7.896794656375716e-08
8.116194364711045,25.280958971871645,-6.4150414059681304e-06
8.116448870668934,25.281207622171436,-2.881307176332698e-06
8.118974365432267,25.280461690742232,1.3685849911945769e-05
8.121730561043673,25.279962392738017,1.6457411799977034e-05
8.122498952595766,25.2798798835438,1.4669252031876412e-05
8.121353065509407,25.280174337043768,8.97797985878121e-06
8.121323100993571,25.280182982861508,5.696735911355638e-06
8.121324026051672,25.280173110103462,3.17915090185944e-06
8.121371107102059,25.280305236516394,-1.725675440048674e-06
8.121485878855538,25.280461332454927,-1.7398461127013376e-06
8.125452576074991,25.27966732967576,1.3356175462907183e-05
8.12476326942546,25.280898197151963,2.0554362336663162e-05
8.125313551967473,25.28061904987068,1.5364471966254623e-05
8.126146672705922,25.280342220979705,1.0457074445142933e-05
8.12712164151072,25.280131568609434,3.5969771138705253e-06
8.127287793886195,25.28004484464716,2.5039777607899216e-06
8.128162278954896,25.27974616554916,6.068960629899978e-06
8.148621247625362,25.273927493406095,-7.085717591132773e-06
8.189075585386208,25.26143933775847,1.0878464573229468e-05
8.234325995451913,25.24916312978398,8.15253468492913e-06
8.27991866497805,25.23861339578516,5.138001102106271e-06
8.325927748839364,25.229763245240015,2.7759930233510477e-06
8.374677660147007,25.222003797119374,-2.7860661742304393e-06
8.423584570664692,25.214936334940717,-1.5374243532949305e-06
8.472530159095454,25.208400086980145,-2.650570899088295e-06
8.521542472353476,25.202396757116745,-2.821301040401014e-06
8.570596770274502,25.196946370669295,-1.2241788746557292e-06
8.598968221983284,25.194398666205394,1.6868128868002819e-06
8.60402466640814,25.194743972823545,-3.5215244665667833e-06
8.604223464370339,25.19505149483675,1.6009841447596485e-06
8.604308256406497,25.19527755223575,9.248106750056606e-07
8.604397891410684,25.19550138434743,1.3489402646699178e-06
8.604487451839903,25.195726331184648,1.1362107251791653e-06
8.604576479371175,25.195949840244854,1.3728207432887884e-06
8.604666081262087,25.196174910990596,9.200808640703884e-07
8.604755095292752,25.1963989946849,1.349042603602385e-06
8.605670912445241,25.196493456602887,5.105865969318862e-06
8.62922264702457,25.19442419380984,-3.4080148719264902e-06
8.675132593177539,25.190332310367882,-4.99462876067322e-06
8.72486794972141,25.186368035067368,-4.430022724155602e-06
8.774636835437656,25.182800011199273,-4.171982472139096e-06
8.824437408967386,25.17967332972324,-3.822924500133246e-06
8.874225664361528,25.176905590767646,-1.911921813545908e-06
8.923952896173434,25.174534832165186,-3.5631290699160434e-06
8.97375607327745,25.17261905918256,-4.424568520264988e-06
9.023574113729365,25.171132132548088,-4.1012606465350154e-06
9.0734390185078,25.170036971014063,-4.1284864939136745e-06
9.12294580442388,25.169325138693647,-3.1283230738504697e-06
9.172528016013048,25.16900863760708,-2.9403931568645902e-06
9.222119072801167,25.169060811591876,-1.9437218876719453e-06
9.271764745479013,25.169445422672972,-3.3413542323140755e-06
9.321412957514942,25.170095492947585,-2.466661293339112e-06
9.371109851564501,25.170946670049833,-2.8589864484659944e-06
9.420808964200134,25.17204281012782,-2.353047896079541e-06
9.470517664469558,25.173321550397898,-1.8079188495098708e-06
9.520213310103603,25.17479470790143,-2.2214227464109615e-07
9.569964975069777,25.176451259511914,-2.2384913841190512e-06
9.619720299910242,25.17832832749619,-2.485963981516126e-06
9.669503411910657,25.180396335772485,-2.8914465958901348e-06
9.719290320709987,25.182599681807975,-2.653247234498529e-06
9.769080453756494,25.184901218785324,-2.933863785622992e-06
9.81887165819016,25.187263020295905,-2.6715592307893776e-06
9.868665133191001,25.18965673677936,-2.9598718486144315e-06
9.918458333219538,25.192048658820795,-2.6901425273714863e-06
9.968252159424399,25.19441659887226,-2.9665362499438352e-06
10.018045433704089,25.196732277867525,-2.6792689767629607e-06
10.06784104358692,25.19897944850065,-3.1523316685148906e-06
10.116133867275487,25.20094482415443,-3.2768139256074413e-06
10.164423950263684,25.2021612089281,-3.663722650946999e-06
10.210327652935428,25.201890183607844,-3.4088886643433847e-06
10.235035390958318,25.201064809087796,1.3753405249707085e-06
10.237934244899902,25.201316748277296,2.494963307172332e-06
10.238410143612942,25.20138964636133,3.429222679540711e-06
10.239027570007165,25.201395333589144,1.9484073639046418e-06
10.239585097289389,25.20137540280513,1.6153925527159774e-06
10.240007088721905,25.20135465629505,1.7758697914357913e-06
10.240392066460712,25.201325674589107,2.114313883735952e-06
10.258641261690668,25.19144614341601,6.740697841855353e-06
10.294563559446567,25.170923526463863,-1.7854057076591157e-06
10.336985023547106,25.145802264573877,-3.653632907007348e-06
10.379099496496199,25.12173236884878,-3.5836022494739606e-06
10.421526867855095,25.09873473199657,-3.677878800480844e-06
10.445571127960342,25.087051864836894,2.248906665523742e-06
10.449697844320172,25.085851754514128,7.274493534065868e-06
10.44976584195668,25.086589289290558,4.709758561274868e-07
10.4534112531418,25.085766149272096,7.493412091670593e-06
10.475618062342159,25.0784396091011,2.376965145111515e-06
10.51296508979516,25.067323921610352,2.5531445617399395e-08
10.53165113029919,25.06250519400144,4.079323332600859e-06
10.533039881150026,25.062358863808857,5.134937729890654e-06
10.533209429672421,25.06232546353486,-2.5482437885880616e-06
10.534889554353839,25.061541066128694,3.643692915725888e-06
10.555568607749606,25.050854413322185,1.5343449171711238e-05
10.594284643009448,25.03014558916935,-3.0123458805222936e-06
10.635383228505383,25.006452155623393,-2.721539882309665e-06
10.676088302889077,24.98128979013106,-2.9927434895306304e-06
10.716205045990867,24.954884350074373,-1.292045834450778e-06
10.756230714794778,24.92711300929103,-2.435600501931451e-06
10.79622588127909,24.898319269072484,-1.3059358195989523e-06
10.835840880203262,24.8689310559428,-2.4126652157507866e-06
10.875069939942401,24.838993789896634,-2.662566103258518e-06
10.91391752229327,24.80852981837797,-1.2033922527077134e-06
10.952395203518819,24.77755577287825,-2.3266262753618427e-06
10.990504174123261,24.746101085704005,-2.576898567595992e-06
11.028247941128148,24.7141844582535,-1.139282638132344e-06
11.065661744088743,24.681811909858098,-2.2391347817875273e-06
11.102742526928383,24.64903329776721,-2.4968602087629965e-06
11.13963229813709,24.615938710152907,-9.864699765695095e-07
11.176578216374052,24.582701180317954,-2.046147119381253e-06
11.213565189627507,24.54948429220052,-2.2858811643163e-06
11.25057022587285,24.516282675177944,-9.446498050354191e-07
11.287585217806457,24.483091507701833,-2.060215944284932e-06
11.324595792441485,24.449893446131945,-2.310704343644332e-06
11.361583493969983,24.41666701750923,-9.584694209419098e-07
11.398540255380725,24.383406704941095,-2.0758094538483873e-06
11.435453901800832,24.35010334090056,-2.32189803131555e-06
11.47231383371037,24.316738613415637,-9.658163090953131e-07
11.509114439232857,24.28330945938995,-2.0815214037440966e-06
11.54584651733659,24.24981063848672,-2.3227022634200734e-06
11.582505590358089,24.21623098114485,-9.673263965462309e-07
11.6190865971849,24.182567446450356,-2.0786329394291425e-06
11.655585443418635,24.1488187977633,-2.318763409368124e-06
11.691916912356527,24.11537100119281,-8.175709194577219e-07
11.728627207606488,24.082118368797076,-1.952210046458902e-06
11.765601771952152,24.049115775657604,-2.173657757714026e-06
11.802816509487343,24.01635997931717,-8.717148859173351e-07
11.840272034244506,23.983767443452585,-2.0218616883921348e-06
11.87787060246708,23.951316510620458,-2.2648527596216828e-06
11.909658322981594,23.923729595094983,6.392269750427754e-06
11.939239119054141,23.89473011353604,-4.334054748422744e-08
11.957140488529742,23.876216908075996,0.0009983495910178344
11.968241451026518,23.8659286825513,0.002137674419148236
11.972880324695804,23.862197753458176,0.0059017407047558465
11.978787033541991,23.858519066086338,0.007615275587121356
11.985610915338567,23.853368705756818,0.010326667248188131
11.992423341708669,23.849424378572078,0.01253963838020183
12.001201227278322,23.844462024477675,0.013294941991315916
12.013776900710923,23.832593709328112,0.014904550367489812
12.034341878247213,23.79738985448406,0.004924407994132855
12.044459302186056,23.76704072531283,0.0014417060865250207
12.044709333516728,23.75963682764156,0.0011198537089446153
12.04709969884108,23.75007741343263,0.0009780519133920432
12.050920225491009,23.744040394636972,0.0008516778365785585
12.053402986042613,23.74103204681687,0.000703216036049642
12.056063641587983,23.73792498138204,0.0005636241772362313
12.058748748035008,23.73413176998376,0.0004396670784409043
12.061193198576438,23.731024331044456,0.00036354126923330427
12.062483972698711,23.72983954906883,0.0003613416353238155
12.06407066518628,23.727922989452193,0.00035911742181115106
12.064863787423363,23.72710673999546,0.00036325024264070513
12.065914562711177,23.726409927021628,0.0003703023208585614
12.067505718070045,23.724326129446034,0.00036048833857468474
12.069318411736152,23.721610015944105,0.00035729440631769235
12.070203328954259,23.720912958478866,0.0003688924450281697
12.071119710239008,23.720624303591293,0.000366345423741473
12.072398931307811,23.71945862963339,0.0003684657884543141
12.072905299358121,23.718768489051353,0.00037555870485531453
12.07280940515168,23.718843750254713,0.00035474999181810823
12.397313506341337,23.626005584303847,0.00013382742043488438
12.397668767933414,23.62686623910612,-6.130860179254238e-08
12.39765607913928,23.627443514957342,1.1914903958673562e-06
12.39770734557464,23.628317239929476,-4.5086339277994325e-07
12.39768851994875,23.62917386173426,-1.2627815688948107e-07
12.397612749025127,23.630017673493924,-3.303669919955954e-07
12.397478778491944,23.63084027797356,-1.0882646692828013e-07
12.397291119312584,23.631644053488323,-3.2932600208673835e-07
12.397049279624248,23.63242079691313,-3.6275517420122916e-07
12.396757842374344,23.633171182383446,-3.3214850987325906e-07
12.396416558808486,23.633886730702585,-5.120950967857363e-07
12.396038909524291,23.634565962003894,-3.00815885888317e-07
12.395646679906255,23.635225492153936,-2.075353686091519e-07
12.395222765854125,23.63585006934622,-4.2642003456050404e-08
12.3947610966287,23.63642187691459,-4.1469339741306843e-07
12.394277691476972,23.63695180372477,-7.388315372003351e-08
12.393767674020708,23.637430045278172,7.638531474007948e-11
12.393280281903257,23.6378629622507,2.3943700004289137e-07
12.392600644351306,23.63821736788059,2.1946658820132248e-07
12.392043414906007,23.6385464531722,3.9135839380310955e-07
12.391579382971376,23.638868726962045,7.996098744939006e-08
12.391020500632205,23.639198220042623,-1.0723808984564043e-07
12.409026050440039,23.64809412819145,9.551956976078246e-08
12.447195121560554,23.667357811015748,-3.2750448140349275e-06
12.488486504456988,23.68933279525788,-2.8965881137925364e-06
12.52943435773231,23.712884927917614,-3.1352052341469816e-06
12.569871214919539,23.737819120793105,-3.2149065573271185e-06
12.609740922290662,23.764026968911793,-3.1307214322200128e-06
12.64904797265956,23.791433662645066,-3.0296692323170116e-06
12.687773881271081,23.819950523074905,-3.415267105951608e-06
12.725915111186055,23.84951150139285,-3.324391071715671e-06
12.763547038222377,23.880081242355825,-3.207804190417246e-06
12.800638059890419,23.91153535476566,-3.2488388622201048e-06
12.837170022831515,23.94379167967071,-3.1129793262307803e-06
12.87233608295739,23.976145496076764,-3.119965791401058e-06
12.908236048847565,24.010170154374975,-1.852975165309717e-06
12.94367913553607,24.04439883817394,-1.5748066500287372e-06
12.978500621732026,24.079014781255506,-1.7763495163032605e-06
12.997921668630358,24.09900301426295,1.039101168276435e-06
13.002624959233232,24.104391701016365,2.3758585357067097e-07
13.002155760569197,24.10467957495137,-1.9843207994529877e-06
13.001316319243704,24.104426237585436,-3.5502430829788267e-06
13.00059362346961,24.10425638340553,-1.8332766917976417e-06
12.999960592304367,24.104182942386817,-2.810760570848281e-06
12.999328140688755,24.10405286467445,-3.765066350566726e-06
12.998716998649835,24.103923461822138,-3.428846140195868e-06
13.00627155147444,24.12322434590329,1.2551559801690648e-05
13.01930116584312,24.164014822355803,-2.078350308007404e-06
13.031248154464626,24.209104490409043,-1.962540653117212e-06
13.041796962308583,24.25485893800162,-1.1657144240971584e-06
13.050927412861167,24.301037864468356,-2.045676900035154e-06
13.058703991619172,24.34774603786742,-2.104719452153403e-06
13.065155094971905,24.394774375843124,-1.2212722279823784e-06
13.07027293012476,24.442001816417758,-2.4491657083756946e-06
13.074542827469534,24.490634177745847,-2.6835749521204877e-06
13.078542891925006,24.54017770543044,-3.037363392546094e-06
13.08335367258638,24.586011811964248,0.0009814637272645178
13.092253559653958,24.592540438989875,8.258661086665148e-06
13.100254125834462,24.59921222552981,1.7729152849511876e-05
13.111040403266244,24.623931604164618,1.1836220215818982e-05
13.12348801508887,24.66722458720144,7.754966238532335e-06
13.136664854129481,24.712363468577685,0.0003566859867724405
13.144262810317288,24.758506337703473,-3.146371932233327e-05
13.155021574762463,24.80707327539192,5.430498692719776e-06
13.161990291822063,24.847726924900822,9.636742842246415e-06
13.165057063298434,24.889663415896436,1.8536145561572764e-05
13.165164121773163,24.93192329463724,1.5710021425374004e-05
13.162466723353486,24.974268414934457,1.7783482562025443e-05
13.157236999121741,25.01886878259734,2.8265521598718618e-05
13.15078656345976,25.061585708696178,2.7088829226574324e-05
13.14316773183251,25.10290273981632,3.056507481517812e-05
13.135599868218412,25.1409882812796,1.8303107723233875e-05
13.12658412561922,25.177938562298767,1.6469842730803402e-05
13.116327686251651,25.21447244462896,1.9527614975610452e-05
13.104657407966844,25.251822090237386,1.6935740459293747e-05
13.092795119313536,25.28043084375021,6.6190647522966495e-06
13.079839167037262,25.30671889230298,1.9125757203454496e-05
13.065368728526916,25.33104355539671,1.5343327797848888e-05
13.058941209441034,25.34346460656152,1.2843115919501658e-05
13.061339461796134,25.34448508355366,2.008444177110935e-05
13.064442291536414,25.34285298907727,1.6712334112743005e-05
13.067289674010116,25.339685412017673,1.8800728277892226e-05
13.069510016734148,25.33714358194769,2.180246755557544e-05
13.072346890084502,25.33465680363168,2.043393754546513e-05
13.075560127802738,25.33338548495729,2.3012124792949618e-05
13.077808747234885,25.330383517999255,1.7028738613013295e-05
13.079954812365463,25.328522336625593,2.326236259703185e-05
13.082892378165935,25.32751497369518,1.7145112137628704e-05
13.084900826072735,25.327006877409467,2.5066324437144488e-05
13.088022906549948,25.3266968537048,1.3082986210912612e-05
13.089760908972453,25.326651177993707,2.0128221084617093e-05
13.092578314463301,25.326199198790402,2.414022699971305e-05
13.08781705440085,25.339971702144823,3.644896346750165e-05
13.076538713910573,25.363358521807527,6.435240402381109e-06
13.070964932207922,25.377697450705046,2.0479741979124305e-05
13.072662427966515,25.380016408193697,2.0327495090552428e-05
13.075261436998398,25.37996499043897,1.8722708147449196e-05
13.07785014563194,25.37882508630087,1.788872672141631e-05
13.080097466205553,25.37579258394498,2.522844100190033e-05
13.082452116935375,25.37207613943225,1.097283744428551e-05
13.084400724855795,25.37030107902091,1.595574926163343e-05
13.086910121235695,25.367513583048773,2.2925867235790154e-05
13.088272804008549,25.365001356785424,2.4509808658548793e-05
13.089844897357912,25.362925641841116,2.3044931267958424e-05
13.085169415688773,25.37172770889116,1.9777256048195135e-06
13.07275479228472,25.395365883588862,1.5911090450883292e-05
13.065032291109073,25.41198327765788,1.4816714017377303e-05
13.065742649153004,25.414536098972583,1.2653526260428954e-05
13.06998600548252,25.414662857381643,1.7417202911779867e-05
13.072288809591518,25.412175761226372,1.7048682576077667e-05
13.07790595701754,25.415567301474315,1.1942774424535813e-05
13.081135057127279,25.41525221126115,7.912493324879755e-06
13.085093072970738,25.41719719182546,1.145406550624381e-05
13.089246126542434,25.421641896768364,1.281122243998456e-05
13.094144478234554,25.429321481022185,9.69209303247967e-06
13.098955490887292,25.43902356226164,2.784872743005068e-06
13.105905026551588,25.45098012836059,5.127242778988489e-06
13.113973810075338,25.461490729204584,7.921665666349442e-07
13.121354481273766,25.468255183417025,4.27679938764039e-06
13.127020721579367,25.470266256355945,7.96884249277055e-06
13.131053746526518,25.470089592121997,1.1496526351070097e-05
13.134676292050933,25.46967464269793,1.4512574997200406e-05
12.977954636544894,25.56727425841633,-3.371499701417674e-06
12.977501922496568,25.567748755449603,-3.305246446923954e-06
12.977118551985695,25.568200598631734,-3.755682990987802e-06
12.97676965684444,25.568648813384442,-3.5393296932591245e-06
12.976452718942625,25.569074668639434,-3.7119840061924925e-06
12.97616789379652,25.569468068216104,-3.687689980939185e-06
12.969676317953269,25.589332280825158,8.786105073543826e-06
12.958749061433767,25.630640059686293,-1.1484824831951845e-06
12.949010793350942,25.67723823397595,-1.0241388413850805e-06
12.940645236009937,25.724250494599843,-1.5759496430969855e-06
12.933011272709734,25.773239995257644,-1.4939712374220648e-06
12.925769999649964,25.822425827294293,-1.3948941939012638e-06
12.918822363623788,25.871610662921896,-6.646375348973166e-07
12.912195635459698,25.920831993452364,-1.2320986398813016e-06
12.905930158375432,25.97005566692476,-1.4244557458992224e-06
12.900060817903393,26.01931569360796,-6.797898287475013e-07
12.894611388196989,26.068600120913498,-1.2461247448740387e-06
12.88960809021568,26.11791653396461,-1.4279419639634527e-06
12.885058208386127,26.1672727613838,-6.796646989729038e-07
12.880970595238397,26.216662041426787,-1.2414235374125226e-06
12.87734742951367,26.266097852466253,-1.407790960191585e-06
12.874183400839549,26.31556053074497,-6.687118047563056e-07
12.87147009613821,26.36507896460748,-1.1919185518190212e-06
12.869196517799423,26.414612698640617,-1.36228234904473e-06
12.867343956621117,26.46420258108977,-5.924049795158481e-07
12.865890874678843,26.513805624608175,-1.1714788838643186e-06
12.864820328085665,26.56345547508489,-1.3119811214136468e-06
12.864102401056805,26.61311240790912,-5.676231858223191e-07
12.8637141484623,26.66281359004649,-1.1342561460486733e-06
12.863627760950473,26.71251173580258,-1.2717711496482154e-06
12.863579915826183,26.741355722656994,-1.9675959623648154e-06
12.863457953520873,26.749542581319552,-2.780781490529377e-06
12.863367340524498,26.750413127224558,-4.404060548166694e-06
12.86333471988391,26.751010476280783,-3.0410163391891842e-06
12.863357649679642,26.75161459953613,-3.075255992017467e-06
12.863431919594744,26.752240201669977,-2.920478257645298e-06
12.863568885098783,26.75287539515061,-3.012272568121005e-06
12.863760545225569,26.753515842531638,-2.883241270290604e-06
12.86401243871564,26.754145992116356,-3.046203794036806e-06
12.864318372935195,26.754771026696545,-3.369368397464906e-06
12.864682344868159,26.755377268059824,-3.3490770044580787e-06
12.86509969033515,26.755967009972426,-3.012419805280969e-06
12.865532316316552,26.75649750204795,-3.204331079587064e-06
12.86599505597055,26.75699861418221,-3.6945098716573144e-06
12.866406828061223,26.75741959870806,-3.4963244272163962e-06
12.866788763484637,26.75779245928196,-3.6018393449639696e-06
12.867150988127447,26.758124503676047,-3.538009178700313e-06
12.886242810807405,26.767467895093404,-7.275729899669514e-07
12.926047882383964,26.783865568279758,-2.285874395463461e-06
12.97055131453319,26.79961818889218,-8.214660499883397e-07
13.015828412260207,26.814092968431336,-1.8352983239683374e-06
13.061520642219302,26.82720642426219,-2.024536224533302e-06
13.107590191352518,26.838944962102747,-7.402190440042311e-07
13.154103704345536,26.84933757748877,-1.7592577377205376e-06
13.200929838372106,26.858381316830464,-1.9278085852565685e-06
13.24822504569074,26.866138413304217,-6.55467203524579e-07
13.295764719495471,26.872623039080874,-1.6696883269710916e-06
13.344410661773836,26.878272314222375,-1.4927255914919113e-06
13.393770910596622,26.883619150075997,-2.4180681276395055e-07
13.443242555472896,26.888758646224137,-1.2511453245239723e-06
13.492717439281614,26.893676002793143,-1.3664666591133023e-06
13.542208464197488,26.89833620836911,-2.4621182048018e-07
13.591706064017949,26.90271122831433,-1.2763078100982983e-06
13.6412181684225,26.90677429389949,-1.3825972162880007e-06
13.69074862329113,26.910512000375498,-2.5593066124013353e-07
13.74029404543329,26.91390804545119,-1.2790878380422588e-06
13.789864096758613,26.916956733578232,-1.3783916919807293e-06
13.839448459664647,26.919656470428674,-2.5277680677782133e-07
13.889063565509195,26.92200729873642,-1.2621611168023295e-06
13.938687590557944,26.924015467865313,-1.365459653401846e-06
13.988346082085737,26.925690779548333,-2.2999363876591294e-07
14.03801060194051,26.927044997163964,-1.2460367611669132e-06
14.087705969384805,26.928090633141164,-1.323006007469818e-06
14.137406268922856,26.928849410650393,-2.1252231442378533e-07
14.18713408930829,26.929334526747844,-1.2045706622269836e-06
14.236860991135051,26.92957016206893,-1.2930731404584006e-06
14.28660987976908,26.929574812373186,-1.7121798941144295e-07
14.336356033116658,26.929375632341653,-1.2074037816327265e-06
14.38613118717627,26.929053018927316,-1.8274034317526666e-06
14.43591027481638,26.928572176485726,-6.939281842963108e-07
14.485720785277117,26.927971081648433,-2.523878567473048e-06
14.535538619107726,26.92717983300198,-1.2107738791532208e-06
14.585364402703034,26.926207020691898,-2.290258569029313e-06
14.635181339677287,26.925057504904597,-3.6016221187720743e-06
14.68500286158624,26.923768801641103,-2.7001245655883244e-06
14.73481766921299,26.922333284532222,-2.7982108325094734e-06
14.78462824616164,26.92076450012556,-1.935178948652555e-06
14.834438430768065,26.919097320806987,-3.0503168257089985e-06
14.884235309450222,26.917363230025213,-3.241049246156813e-06
14.934033174324558,26.91558923307092,-2.2321141344809614e-06
14.983822005044965,26.913797138420918,-1.5234759009677412e-06
15.033610393197511,26.912016999286493,-1.4062773717182786e-06
15.083389999578953,26.91026660266376,-1.3477871625908189e-06
15.133165803981964,26.908564092529705,-2.78689436334148e-06
15.18293516308321,26.90691766224128,-3.096407717971539e-06
15.232706465540915,26.90534403970187,-1.7695027378430983e-06
15.282473855334677,26.903853541555417,-2.980230627343261e-06
15.332242817220052,26.902456926969794,-3.1561564229308503e-06
15.382007401436132,26.901161285241596,-3.1726539635873463e-06
15.431777823992809,26.899971960402745,-3.1743690499137778e-06
15.48154873144075,26.89889483754052,-3.1993343803972396e-06
15.531320922978043,26.897931595858914,-3.2340794830776343e-06
15.58109562939783,26.89708024252026,-2.266194663126664e-06
15.630871673381641,26.896339382662664,-2.6183875406760038e-06
15.680650292408087,26.89570484305636,-2.9551826788258573e-06
15.730430655906005,26.89517436936484,-2.7742999728526396e-06
15.780213808893127,26.89474285191979,-3.067967541958705e-06
15.828563552253266,26.894660519457826,-2.919903610856811e-06
15.877073234143673,26.895401828979455,-1.623161017098168e-06
15.925452594576882,26.89715823176658,-2.6648939885492995e-06
15.974369704790393,26.899854998496338,-2.663008409533457e-06
16.02315861984253,26.903239945660797,-1.7787688584014472e-06
16.07219581076235,26.90731140586137,-1.6967094114868353e-06
16.12126621569975,26.91210340765993,-3.2537984173582057e-06
16.170496193718407,26.917536551901563,-2.4224304841224953e-06
16.219732500750702,26.923480151112546,-2.8078752980983945e-06
16.268925781073772,26.929890414759182,-2.5937152409762076e-06
16.296535893859133,26.93376933998852,1.341380898193384e-06
16.303324518308663,26.934674948393997,6.51514239917092e-06
16.303252697848166,26.934915878593984,-2.9518105948041218e-06
16.302591827257867,26.935215805335137,-2.465555612847503e-06
16.321230689183427,26.94355601703516,6.433225221914168e-06
16.33260430613253,26.948363664216593,-1.3945558248566747e-06
16.333574577931085,26.94877239475951,8.7943040860336e-07
16.334096828595822,26.94911956691756,1.86716184647287e-06
16.334546405595095,26.94940114609543,1.6969585345978644e-06
16.33503221336055,26.949642561205913,1.9700158240334997e-06
16.335547509009707,26.949834223390532,1.6156256729266127e-06
16.336093490384577,26.949977250863295,2.073993266061419e-06
16.33665943390823,26.95006686400966,1.8763538444724337e-06
16.33724626081948,26.950104800356392,2.154870873197212e-06
16.337845427069286,26.950083631996346,1.7314637918812437e-06
16.338458935532866,26.9500099474061,2.1774000903904134e-06
16.339086119429126,26.94987593431929,1.9243721508278855e-06
16.339714039943654,26.949687001384916,2.1872315431499534e-06
16.340332417233018,26.94944048366796,1.9131255419753412e-06
16.34094167592509,26.949139503569384,2.188896474915325e-06
16.341532401449413,26.948781986737323,1.886388482544299e-06
16.342105036762565,26.948371006834726,2.156241759438543e-06
16.342650377238513,26.947904708603655,1.8681879358391218e-06
16.343169216735326,26.947386876003016,2.1623147423051325e-06
16.343632754314672,26.946865343259216,1.7559787070346722e-06
16.344037345810285,26.946361421064143,1.9093446480995813e-06
16.344419246471997,26.945794917808332,1.758745048381638e-06
16.344727299307284,26.94535504061095,1.895890339012607e-06
16.344992541090928,26.94512584763862,1.3824669976222892e-06
16.350882483866034,26.92550184547273,-1.5028315415756277e-06
16.35191249257187,26.92042884349731,1.8633137988874338e-06
16.352192032628206,26.91978779250737,1.8079064742181072e-06
16.352378450282405,26.91927215344921,1.7077213620951548e-06
16.352517035580306,26.918727825061467,2.015874721403993e-06
16.35260403679492,26.91815531047793,1.7793205766974962e-06
16.34856135655168,26.898185140497542,9.84775173188887e-06
16.34068949529545,26.862506731756206,-1.8950731293515544e-06
16.337433693289366,26.845930126186747,-1.187227523201384e-06
16.33735819623207,26.84481868310956,9.98957938728312e-06
16.33384464223853,26.825634268749155,8.065972934470644e-06
16.328700228622004,26.783277824482443,4.411906011601852e-06
16.32428711814828,26.733790316478245,-1.9045145026007348e-06
16.320569872781334,26.684165604707058,-2.617135076245225e-06
16.316719803723043,26.6349881457047,-2.7315533665146774e-06
16.312222909799445,26.58588857103198,-2.8863921193861275e-06
16.306956283790033,26.536629288310074,-1.6617168982005492e-06
16.30105378289022,26.487409475119378,-2.760867825999519e-06
16.294601325395284,26.438100420304192,-2.900875275185788e-06
16.287751368768138,26.388826618153324,-2.0781937985006604e-06
16.280524444564293,26.339604158918295,-2.6723353910920733e-06
16.273537562410333,26.29158758546802,-1.2700263926704314e-06
16.26728743063808,26.24328869744624,-1.3828127363793574e-06
16.261954817921282,26.19493410720063,-2.8893544081615152e-06
16.257523696437886,26.146377700334185,-2.9156136959404555e-06
16.253959049871884,26.09771128472014,-1.3301766487450184e-06
16.251208426531818,26.04883118635423,-2.3960222318535063e-06
16.249227448570775,25.999869867658457,-2.4282656626919974e-06
16.247973713330964,25.950721885642096,-1.539406611159727e-06
16.247392164401425,25.90152311402102,-1.6455766048140141e-06
16.24746336516978,25.852317366009952,-1.9147229474714145e-06
16.248182297105703,25.803114734540596,-3.017470027882191e-06
16.248975298561582,25.775210265509408,1.0558651127277885e-06
16.249490972463995,25.765644022042128,-1.2597005010356321e-06
16.24959944328999,25.76461650306413,2.141634853788238e-06
16.249674621728424,25.764041394066826,1.9099085713306097e-06
16.245634230394803,25.744045843403324,1.3431005778691274e-05
16.235513214461758,25.70361262603857,-4.185227235348893e-06
16.222413757096067,25.6567472556009,-3.344890681867413e-06
16.208355510472654,25.609616911825714,-2.7464245952145416e-06
16.193471800729316,25.56267042423247,-3.1767821429690146e-06
16.1792213871895,25.517601363293164,-2.401894645731595e-06
16.166427142575866,25.472680275329544,-2.227788404269432e-06
16.155189003864187,25.427458795938502,-2.3174272621648284e-06
16.145473144669356,25.38183478157723,-9.38274647394044e-07
16.136440556560242,25.333472897800103,-2.8373895422546813e-06
16.127942815315063,25.28478801007431,-2.8866037974570324e-06
16.11997541077813,25.2360804723044,-2.414465309956426e-06
16.112559060948385,25.187295763920044,-2.7359007115194955e-06
16.10571461343365,25.138482882339726,-2.6848834161867507e-06
16.09945824205361,25.08959498318172,-2.601418127731736e-06
16.093801472846668,25.040653908247386,-2.95106644923257e-06
16.09122635418175,25.01230220927046,4.103713179617885e-07
16.090463460947223,25.00347279549308,-1.1541155064513642e-06
16.0905595176376,25.00255642169307,1.9643406421951393e-06
16.09056031537145,25.0019933523589,2.1997915733151796e-06
16.09053430985304,25.00147975267942,1.940928221894067e-06
16.090493911189448,25.00100201501845,2.2024839264368767e-06
16.090442880848418,25.000570430398014,1.792470715591965e-06
16.090390873881436,25.000176053223196,2.1547822207750034e-06
16.07953908885871,24.982450303673485,4.414152091999912e-06
16.056563627587668,24.947193270699888,-2.908533289543852e-06
16.02943309864711,24.908604763601918,-1.896816868008494e-06
16.00007593080486,24.868799720899027,-1.434639268372423e-06
15.970300679182836,24.8290420857557,-2.131769344364959e-06
15.940299515055752,24.789485896975826,-2.5504851474157653e-06
15.91003747011352,24.750131744468796,-1.2990191123503358e-06
15.879514603644118,24.710978472081525,-2.1381957862436074e-06
15.848737839046661,24.6720562242674,-2.5168554014139144e-06
15.81767525845767,24.633361499174278,-1.2482534056668104e-06
15.786330161618338,24.59489275238381,-2.124219495091423e-06
15.754709993814847,24.556663804231054,-2.472382484287189e-06
15.722803888802435,24.518669608354536,-1.194345124449353e-06
15.690616833914032,24.480910059374352,-2.0992385952739445e-06
15.672368029939252,24.45936420383581,8.145767210233912e-07
15.667160312434543,24.4528473748756,-4.4963603679226694e-07
15.667519049695548,24.45255882393133,-1.5773009124503412e-07
15.668303528586582,24.452793540523643,-3.0330499511260767e-07
15.669023358794131,24.45302577058545,-5.538127943426063e-07
15.669688810160995,24.453234023920423,-3.9704785765801165e-07
15.67030676163255,24.453413978746998,-6.261031002194328e-07
15.670894158355274,24.453545988471816,-6.234402866074629e-07
15.67146812916671,24.453632931468576,-4.5169900189309664e-07
15.666025628531688,24.434164729753935,8.950517920776335e-06
15.658317740188966,24.393780654293796,-8.158544933384304e-07
15.651892308263678,24.346891477791935,-2.1033136613987646e-06
15.646565578770181,24.299101933685993,-2.1946480275140956e-06
15.642293816375558,24.250882690820557,-1.2796866048873923e-06
15.639031561557283,24.20250564979166,-2.4519053968934112e-06
15.636766419643216,24.15405193623757,-2.7365539089913016e-06
15.635436196347316,24.10529299528269,-1.5736815130486248e-06
15.634957098996033,24.056462798270672,-2.458035315004714e-06
15.635268895843378,24.00737515515738,-2.517511703447467e-06
15.636291915156407,23.95824585954066,-2.947760229684432e-06
15.637935787300552,23.90893402970288,-2.444055637033926e-06
15.6400552331833,23.85960752712974,-1.1127063754175215e-06
15.64236229077905,23.81160423514227,2.3034122607588914e-06
15.644680735460339,23.762181721110355,1.4799402785585503e-06
15.646451037513799,23.71267610472035,1.7543136117889602e-06
15.64764850343408,23.663168035741794,1.1887554994434446e-06
15.648296699023264,23.613566769920524,1.8031474122159885e-06
15.648450443848404,23.563949986751954,1.242551911570522e-06
15.648139844107916,23.514258719944486,1.8813990199824382e-06
15.647426525521244,23.464562511482576,1.6485550088825296e-06
15.64640990357411,23.414805297604726,1.3225961582527535e-06
15.645131325639642,23.36504228864837,4.185443737876604e-07
15.643963601719635,23.31570720050933,-8.14184177438948e-08
15.642795083713946,23.26581723559628,1.2674378933874575e-07
15.641386445431298,23.21597665289134,-5.9034102189992055e-08
15.639681749399612,23.166168331351958,-1.6930607291479327e-07
15.637680306645457,23.116341670764054,8.013861614239448e-08
15.635456629389067,23.066527737283455,-7.29467798527006e-08
15.633046811181867,23.016709202511905,1.325830726248145e-07
15.630509597116587,22.966902576137624,-3.435033196427795e-08
15.627873929585126,22.917099670631327,1.7408883229777516e-07
15.625191016260397,22.867305908795046,7.779646902378312e-09
15.62248561930464,22.817520424950896,2.0355978934058494e-07
15.619800960367035,22.767741176555237,3.445440523858201e-08
15.617155444182359,22.71796819552965,1.8836287239004657e-07
15.614586950395525,22.66819971465953,5.0676357318812926e-08
15.612106973948576,22.618435511663165,2.0265049524570422e-07
15.60974565372788,22.568673735018677,6.249745026012943e-08
15.607509219431584,22.518913401262,-7.278763958576406e-08
15.605418598017652,22.46915051128904,7.465920281654603e-08
15.603477867057627,22.419386851355387,-7.093140622083105e-08
15.60170039299163,22.369620099151376,7.42397520715754e-08
15.600085547076763,22.31984838607235,-7.376545503590126e-08
15.5986411020637,22.2700730819219,6.903771307756323e-08
15.597362634443627,22.220290018464866,-8.05353998455105e-08
15.596253223375749,22.170504167364975,5.98960125004766e-08
15.59530550476302,22.12070973202856,-4.4830380217103505e-08
15.594516591848697,22.070909563774254,7.279916567487499e-08
15.593879712865938,22.021102108562054,1.9652279626553026e-07
15.59338776094219,21.971291734507606,1.2561276251793485e-08
15.593029580602158,21.921471460992645,1.719713583966942e-07
15.592797082620221,21.871649006266704,-2.6066913155764482e-08
15.592677363812019,21.82181709718104,1.2437470497950187e-07
15.592659736027425,21.77198298962612,-2.3037147875784592e-07
15.592718036845756,21.722135590260745,1.9038484350142326e-07
15.59284054861321,21.672293839100846,1.6004314441070422e-07
15.593016112509881,21.622442668437028,4.4636417512178284e-07
15.593257438869042,21.57259836449453,4.893830945103261e-07
15.593553868253608,21.522749191025948,6.410344654053657e-07
15.593917231699907,21.472903082080972,6.956276919975468e-07
15.594338253510221,21.423052650845413,9.375615097201306e-07
15.594825585372778,21.37320625879942,1.0448123462271364e-06
15.595372405605188,21.323357357667838,1.5686846138729393e-06
15.595984182026681,21.273513061555274,1.59205260923459e-06
15.596656771299944,21.22366735224112,2.0334455692397335e-06
15.597394284655346,21.173827902290174,1.7947835798150236e-06
15.598215125519843,21.123987093002828,2.165378303237847e-06
15.599105159317281,21.074145630379522,1.911345744131515e-06
15.60004756508884,21.02430053552018,2.11979777721763e-06
15.60101988106845,20.974455736632873,1.6989319952531723e-06
15.602009960909653,20.924609354434054,2.0837587071387276e-06
15.602999473411915,20.874766025371596,1.720255483526889e-06
15.603981233525555,20.82491980112693,1.7570695956189986e-06
15.604941423727999,20.77507505176063,1.833464541290547e-06
15.605873100479219,20.72522908718397,1.8446549254445832e-06
15.606767392725096,20.67538288686467,1.7975098036589199e-06
15.607618182077946,20.625535767263482,2.0372312077472643e-06
15.608418516001151,20.575691574347086,1.8486433302732086e-06
15.60916732682479,20.52584328702555,1.8437594896704435e-06
15.609860297062903,20.4759951334592,1.8011493365700793e-06
15.610495113020438,20.426145103410807,2.0505029525060003e-06
15.611070226167442,20.37629822732278,1.8424830543033177e-06
15.611587199402557,20.326446932078444,2.086812472542471e-06
15.61204549239609,20.276599160582403,1.876517149390633e-06
15.612447577443286,20.226746872965926,2.0234755210117583e-06
15.612794532723132,20.176900553796518,1.9047109033366871e-06
15.613090213192363,20.12705043115248,2.1503690650938323e-06
15.613339300128652,20.077204032773174,1.9289029259579593e-06
15.613554899794677,20.027348705972486,2.0129576707474117e-06
15.613726522218515,19.977496768529278,1.707187968991164e-06
15.613873063553516,19.92763727407211,1.8759256456384044e-06
15.613972526038738,19.877781033165277,1.730623593102637e-06
15.614046072128424,19.82791810250977,1.5440208471668992e-06
15.6140695020009,19.77805586709184,1.377260231732319e-06
15.614062980675312,19.72818809226582,1.5644778569787188e-06
15.614003379587748,19.678323943518514,1.3387419098218056e-06
15.61391131912578,19.62845158195678,1.036081343667311e-06
15.613764191664615,19.578580926164285,1.067751330827843e-06
15.614022205961433,19.529325133693515,6.998132747598751e-08
15.615004205150866,19.480383952376016,4.594378821276557e-07
15.616835442379907,19.431325127822802,5.580230819438037e-08
15.619371303184197,19.382234090527835,4.324673898437048e-07
15.622879148958878,19.33498350782934,3.8186351195707013e-07
15.627860210570274,19.28797590809886,2.6666464657612576e-07
15.634017540368813,19.240262412452257,2.470478748808902e-06
15.641457961392542,19.192524446798764,2.009316739146061e-06
15.650068640154181,19.146186202796677,2.5080886392192525e-06
15.66025598794492,19.100307365481427,1.8780725605412052e-06
15.672146351949328,19.053418070918546,2.1186849742012293e-06
15.68522003385952,19.00675116890647,1.9039677125777532e-06
15.699460803271087,18.95959074012203,2.02867501166229e-06
15.714311729275343,18.914025452001347,2.1508791835413155e-06
15.730337126374481,18.869216510231958,1.7393416344609058e-06
15.747963421375195,18.823425832909198,1.8134915303266719e-06
15.76636273488776,18.778054969267906,1.6708533804518644e-06
15.785566699445365,18.733031088533064,1.7580797523654434e-06
15.805572874516068,18.6883459219337,1.6932551147597064e-06
15.827056437687412,18.643561884048975,2.2132044751148328e-06
15.850185743977303,18.599907921314635,2.0775965934340113e-06
15.87505569104435,18.557211481040817,1.8930233980432587e-06
15.901507512414632,18.51544725791959,1.6956618117576483e-06
15.917340215700305,18.4920130371573,4.516002620399973e-06
15.92090180177627,18.48722047709247,5.387499717256217e-06
15.921157155317468,18.487719192441162,-1.4687617155111077e-06
15.921051953825554,18.48860602691723,-3.043733932523579e-06
15.920879159438408,18.489462721175133,-2.131896171243819e-06
15.920651134375401,18.490294318749473,-3.3232455493095725e-06
15.920368530145371,18.49109784430819,-3.6202440472019037e-06
15.920035513869859,18.4918669123714,-3.2948356348538876e-06
15.919654722759775,18.492601369674194,-2.1495593575324157e-06
15.919175544710296,18.49330182705274,-2.5956024522419407e-06
15.918670737833404,18.493954018773284,-1.579810355759742e-06
15.938526886764073,18.48988159275088,1.5749073174853995e-05
15.975367632457623,18.485579377618546,-4.34735064401906e-06
16.01082977006331,18.482977868447804,-4.057811052723265e-06
16.04172601065945,18.48153233521486,-5.090591123874805e-06
16.051332658309175,18.481510592614065,3.946138956874984e-06
16.051737261501856,18.481839586338452,-4.371073388603763e-06
16.05180514673497,18.482094493799472,-2.7517445767601123e-06
16.051877690335374,18.48232496175624,-3.2973033765558435e-06
16.051950446648565,18.48255508829259,-3.0030569998160117e-06
16.052023457475524,18.482785507322454,-3.4115592659825222e-06
16.052096163463816,18.483016140527255,-2.991986215217929e-06
16.052168546131227,18.483246632303015,-3.3017619369170303e-06
16.05224072435893,18.483476941889872,-3.0033828477687985e-06
16.0523131460087,18.483707562116457,-3.4116967124603326e-06
16.05238526127698,18.483938397426595,-2.992075596848498e-06
16.05245705394942,18.48416909085191,-3.301916798703619e-06
16.05252864228495,18.484399602153044,-3.003472162744353e-06
16.05260047357915,18.48463042417482,-3.4118153682156926e-06
16.052671997757898,18.48486146093916,-2.992170024557206e-06
16.052743200118854,18.48509235528015,-3.3020775997497087e-06
16.052814198247116,18.485323067552653,-3.0035674223570508e-06
16.052885438871446,18.48555409063139,-3.411940271185604e-06
16.052956371646,18.48578532810579,-2.99227064493382e-06
16.05302698337683,18.486016422629525,-3.302244518312014e-06
16.053097390976156,18.4862473351447,-3.0036687641288307e-06
16.05316804061364,18.486478558560457,-3.4120716719439337e-06
16.053238381667395,18.486709996023187,-2.9923774665270575e-06
16.053308402454174,18.486941290011323,-3.3024176077506295e-06
16.053378219216984,18.487172402061304,-3.0037759700118905e-06
16.053448277553237,18.487403825103247,-3.4122098476474516e-06
16.053518026565406,18.48763546183041,-2.9924904814022935e-06
16.053587456085324,18.487866954556935,-3.302596846527228e-06
16.053656681683222,18.48809826541263,-3.0038891943168222e-06
16.053726148390645,18.488329887354748,-3.41235425168826e-06
16.0537953050324,18.48856172261751,-2.9926095867598146e-06
16.053864142956858,18.48879341335336,-3.30278222962499e-06
16.053932777058087,18.4890249222857,-3.0040084612117934e-06
16.05400165180667,18.48925674240332,-3.412504851103143e-06
16.054070215747014,18.48948877547488,-2.9927347633788848e-06
16.054138461745378,18.489720663493802,-3.3029737602045806e-06
16.05420650401796,18.489952369779797,-3.0041340801367777e-06
16.054274786478945,18.490184387338562,-3.412661061193145e-06
16.05434275738778,18.490416617485685,-2.9928658258973617e-06
16.05441041113045,18.490648702048773,-3.30317149385001e-06
